{"ssim_value":0.5835251808166504,"total_loss":0.15711155533790588,"_wandb":{"runtime":2328},"Ll1":0.09227074682712555,"_timestamp":1.7453730803804595e+09,"_runtime":2300.51045364,"_step":89999}